{"cameraMode":{"drawMode":0,"name":"Shaded","section":"Shading Mode"},"sceneLighting":true,"audioPlay":false,"sceneViewState":{"m_AlwaysRefresh":false,"showFog":true,"showSkybox":true,"showFlares":true,"showImageEffects":true,"showParticleSystems":true,"showVisualEffectGraphs":true,"m_FxEnabled":true},"in2DMode":false,"pivot":{"x":-29.43390464782715,"y":45.0074348449707,"z":-62.32585906982422},"rotation":{"x":0.04346470162272453,"y":-0.031464990228414538,"z":0.0013695908710360528,"w":0.9985582232475281},"size":39.57339859008789,"orthographic":false}